CMTE_ID,All,Small,Percentage
C00577130,222844,121484,0.5451526628493475
C00580100,76945,17718,0.23026837351354865
C00575795,377245,142882,0.3787512094262349
